<?xml version="1.0" encoding="UTF-8"?>
<project xmlns="http://www.netbeans.org/ns/project/1">
    <type>com.microchip.mplab.nbide.embedded.makeproject</type>
    <configuration>
        <data xmlns="http://www.netbeans.org/ns/make-project/1">
            <name>SAZANKA_PowerBoard2024_2</name>
            <name>SAZANKA_PowerBoard2024</name>
            <creation-uuid>5388e422-9a70-4e2c-9202-6c59c3f6a445</creation-uuid>
            <make-project-type>0</make-project-type>
            <sourceEncoding>Shift_JIS</sourceEncoding>
            <make-dep-projects/>
            <sourceRootList/>
            <confList>
                <confElem>
                    <name>default</name>
                    <type>2</type>
                </confElem>
            </confList>
            <formatting>
                <project-formatting-style>false</project-formatting-style>
            </formatting>
        </data>
    </configuration>
</project>
